-- phpMyAdmin SQL Dump
-- version 4.9.7
-- https://www.phpmyadmin.net/
--
-- Host: localhost:3306
-- Generation Time: Jan 31, 2022 at 11:53 AM
-- Server version: 10.3.32-MariaDB-log-cll-lve
-- PHP Version: 7.3.32
SET
  SQL_MODE = "NO_AUTO_VALUE_ON_ZERO";
SET
  AUTOCOMMIT = 0;
START TRANSACTION;
SET
  time_zone = "+00:00";
  /*!40101 SET @OLD_CHARACTER_SET_CLIENT=@@CHARACTER_SET_CLIENT */;
  /*!40101 SET @OLD_CHARACTER_SET_RESULTS=@@CHARACTER_SET_RESULTS */;
  /*!40101 SET @OLD_COLLATION_CONNECTION=@@COLLATION_CONNECTION */;
  /*!40101 SET NAMES utf8mb4 */;
--
  -- Database: `fmbrjngm_dmc`
  --
  -- --------------------------------------------------------
  --
  -- Table structure for table `comments`
  --
  CREATE TABLE `comments` (
    `comment_id` int(11) NOT NULL,
    `patient_doctor_id` int(11) NOT NULL,
    `comment` text NOT NULL,
    `comment_type` smallint(6) NOT NULL DEFAULT 1 COMMENT 'for future use, 1 is default',
    `create_date` int(11) NOT NULL,
    `last_edit_time` int(11) NOT NULL
  ) ENGINE = InnoDB DEFAULT CHARSET = utf8;
--
  -- Dumping data for table `comments`
  --
INSERT INTO
  `comments` (
    `comment_id`,
    `patient_doctor_id`,
    `comment`,
    `comment_type`,
    `create_date`,
    `last_edit_time`
  )
VALUES
  (1, 26, 'gdgdf', 1, 1642789377, 1642789377),
  (2, 34, 'd', 1, 1643373549, 1643373549),
  (3, 34, 'dsfdsf', 1, 1643373552, 1643373552),
  (4, 34, 'fever', 1, 1643373577, 1643373577),
  (5, 34, 'cough', 1, 1643373581, 1643373581),
  (6, 63, 'fever, cough', 1, 1643621108, 1643621108),
  (7, 64, 'fever, cough', 1, 1643622118, 1643622118),
  (8, 65, 'Fever, Cough', 1, 1643623267, 1643623267);
-- --------------------------------------------------------
  --
  -- Table structure for table `drugs`
  --
  CREATE TABLE `drugs` (
    `drug_id` int(11) NOT NULL,
    `drug_name_en` varchar(50) DEFAULT NULL,
    `drug_name_fa` varchar(50) DEFAULT NULL,
    `category` varchar(50) DEFAULT NULL,
    `price` decimal(10, 0) NOT NULL,
    `num` int(11) NOT NULL DEFAULT 0,
    `memo` text DEFAULT NULL
  ) ENGINE = InnoDB DEFAULT CHARSET = utf8;
--
  -- Dumping data for table `drugs`
  --
INSERT INTO
  `drugs` (
    `drug_id`,
    `drug_name_en`,
    `drug_name_fa`,
    `category`,
    `price`,
    `num`,
    `memo`
  )
VALUES
  (
    1,
    'Aspirin',
    'اسپرین',
    'Acetylsalicylic ',
    2,
    0,
    'Aspirin is used to reduce fever and relieve mild to moderate pain from conditions such as muscle aches, toothaches, common cold, and headaches.'
  ),
  (
    2,
    'Ibuprofen',
    'آئبوپروفین',
    'Ibuprofen',
    2,
    0,
    'Ibuprofen'
  ),
  (
    3,
    'Paracetamol',
    'پیراسیٹامول',
    '',
    1,
    0,
    'Paracetamol'
  ),
  (
    4,
    'Amoxicillin',
    'اموکسیلن',
    'Amoxicillin',
    1,
    0,
    'Amoxicillin'
  ),
  (
    5,
    'Nuberol Forte',
    'مضبوط نوبرول',
    'Nuberol Forte',
    1,
    0,
    'Nuberol Forte'
  ),
  (6, 'Panadol', 'پانڈول', 'pain killer', 34, 0, ''),
  (
    7,
    'Calpol',
    'کالپول',
    'Fever',
    2,
    0,
    'for fever use only'
  ),
  (8, 'brufen', 'brufen', 'pain', 70, 0, ''),
  (
    10,
    'Novidate 250mg',
    'Novidate 250mg',
    '',
    20,
    0,
    'For test'
  ),
  (14, 'entamizole', '123', '', 0, 0, ''),
  (15, 'syrup bonisan', '123', '', 0, 0, ''),
  (16, 'Syp klaracid', 'Aaa', '', 123, 0, ''),
  (17, 'inj:Decadron', '111', '', 1, 0, ''),
  (18, 'syp:kroff', '123', '', 0, 0, '');
-- --------------------------------------------------------
  --
  -- Table structure for table `drug_patient`
  --
  CREATE TABLE `drug_patient` (
    `drug_patient_id` int(11) NOT NULL,
    `drug_id` int(11) NOT NULL,
    `patient_id` int(11) NOT NULL,
    `user_id_assign` int(11) NOT NULL,
    `assign_date` int(11) NOT NULL,
    `no_of_item` int(11) NOT NULL DEFAULT 1,
    `times` enum('1 time', '2 times', '3 times') DEFAULT NULL,
    `slot` enum('Before Food', 'After Food') DEFAULT NULL,
    `weight` varchar(255) DEFAULT NULL,
    `total_cost` decimal(10, 0) NOT NULL,
    `user_id_discharge` int(11) DEFAULT NULL,
    `discharge_date` int(11) DEFAULT NULL,
    `memo` text DEFAULT NULL
  ) ENGINE = InnoDB DEFAULT CHARSET = utf8;
--
  -- Dumping data for table `drug_patient`
  --
INSERT INTO
  `drug_patient` (
    `drug_patient_id`,
    `drug_id`,
    `patient_id`,
    `user_id_assign`,
    `assign_date`,
    `no_of_item`,
    `times`,
    `slot`,
    `weight`,
    `total_cost`,
    `user_id_discharge`,
    `discharge_date`,
    `memo`
  )
VALUES
  (
    49,
    6,
    23,
    1,
    1642787556,
    1,
    '1 time',
    'Before Food',
    '',
    34,
    1,
    1642787630,
    ''
  ),
  (
    50,
    2,
    24,
    1,
    1642788102,
    1,
    '1 time',
    'After Food',
    '100mg',
    2,
    1,
    1642788207,
    ''
  ),
  (
    51,
    3,
    24,
    1,
    1642788139,
    1,
    '1 time',
    'After Food',
    '10mg',
    1,
    1,
    1642788206,
    ''
  ),
  (
    52,
    2,
    25,
    2,
    1642788443,
    4,
    '3 times',
    'After Food',
    '100mg',
    8,
    1,
    1642788546,
    ''
  ),
  (
    53,
    2,
    26,
    1,
    1642789347,
    1,
    '3 times',
    'After Food',
    '10kg',
    2,
    1,
    1642789411,
    ''
  ),
  (
    54,
    6,
    27,
    1,
    1642790679,
    6,
    '3 times',
    'After Food',
    '2',
    204,
    1,
    1642790728,
    ''
  ),
  (
    55,
    3,
    29,
    1,
    1642792192,
    1,
    '1 time',
    'Before Food',
    '',
    1,
    1,
    1642792232,
    ''
  ),
  (
    57,
    1,
    34,
    1,
    1643374257,
    1,
    '1 time',
    'Before Food',
    '',
    2,
    1,
    1643374311,
    ''
  ),
  (
    58,
    3,
    34,
    1,
    1643374262,
    1,
    '1 time',
    'Before Food',
    '',
    1,
    NULL,
    NULL,
    ''
  ),
  (
    63,
    3,
    35,
    1,
    1643376020,
    1,
    '1 time',
    'Before Food',
    '10',
    1,
    NULL,
    NULL,
    ''
  ),
  (
    64,
    2,
    36,
    1,
    1643376330,
    1,
    '1 time',
    'Before Food',
    '',
    2,
    NULL,
    NULL,
    ''
  ),
  (
    65,
    6,
    42,
    1,
    1643477628,
    1,
    '3 times',
    'After Food',
    '8kg',
    34,
    NULL,
    NULL,
    ''
  ),
  (
    66,
    3,
    52,
    1,
    1643485093,
    1,
    '1 time',
    'Before Food',
    '',
    1,
    NULL,
    NULL,
    ''
  ),
  (
    67,
    1,
    63,
    1,
    1643621117,
    1,
    '1 time',
    'Before Food',
    '',
    2,
    1,
    1643621140,
    ''
  ),
  (
    69,
    6,
    64,
    1,
    1643622153,
    12,
    '3 times',
    'After Food',
    '',
    408,
    1,
    1643622227,
    ''
  ),
  (
    70,
    3,
    64,
    1,
    1643622183,
    12,
    '3 times',
    'After Food',
    '',
    12,
    NULL,
    NULL,
    ''
  ),
  (
    71,
    6,
    65,
    1,
    1643623286,
    12,
    '3 times',
    'After Food',
    '',
    408,
    NULL,
    NULL,
    ''
  ),
  (
    72,
    7,
    65,
    1,
    1643623307,
    1,
    '3 times',
    'After Food',
    '',
    2,
    NULL,
    NULL,
    ''
  ),
  (
    73,
    17,
    67,
    1,
    1643630976,
    1,
    '1 time',
    'After Food',
    '14kg',
    1,
    NULL,
    NULL,
    ''
  );
-- --------------------------------------------------------
  --
  -- Table structure for table `groups`
  --
  CREATE TABLE `groups` (
    `group_id` int(10) UNSIGNED NOT NULL,
    `name` varchar(48) NOT NULL,
    `description` text NOT NULL,
    `roles` bigint(20) UNSIGNED NOT NULL DEFAULT 2
  ) ENGINE = InnoDB DEFAULT CHARSET = utf8;
--
  -- Dumping data for table `groups`
  --
INSERT INTO
  `groups` (`group_id`, `name`, `description`, `roles`)
VALUES
  (1, 'Administrator', '', 1),
  (2, 'Guest', '', 2),
  (3, 'Doctor', '', 4),
  (4, 'X-Ray Agent', '', 8),
  (5, 'Laboratory Agent', '', 16),
  (6, 'Pharmacy Agent', '', 32),
  (7, 'Receptionist', '', 64),
  (8, 'Patient', '', 128);
-- --------------------------------------------------------
  --
  -- Table structure for table `lab`
  --
  CREATE TABLE `lab` (
    `test_id` int(11) NOT NULL,
    `test_name_en` varchar(50) DEFAULT NULL,
    `test_name_fa` varchar(50) DEFAULT NULL,
    `category` varchar(50) DEFAULT NULL,
    `price` decimal(10, 0) NOT NULL,
    `memo` text DEFAULT NULL
  ) ENGINE = InnoDB DEFAULT CHARSET = utf8;
--
  -- Dumping data for table `lab`
  --
INSERT INTO
  `lab` (
    `test_id`,
    `test_name_en`,
    `test_name_fa`,
    `category`,
    `price`,
    `memo`
  )
VALUES
  (
    1,
    'Malaria Test',
    'ملیریا',
    'ICT Malaria Combo',
    150,
    'ICT Malaria Test'
  ),
  (2, 'CBC', 'CBC', '', 500, ''),
  (3, 'blood test', 'blood', 'blood', 200, 'test');
-- --------------------------------------------------------
  --
  -- Table structure for table `lab_files`
  --
  CREATE TABLE `lab_files` (
    `lab_file_id` int(11) NOT NULL,
    `lab_patient_id` int(11) NOT NULL,
    `upload_date` int(11) NOT NULL,
    `path` text NOT NULL,
    `memo` text DEFAULT NULL
  ) ENGINE = InnoDB DEFAULT CHARSET = utf8;
-- --------------------------------------------------------
  --
  -- Table structure for table `lab_patient`
  --
  CREATE TABLE `lab_patient` (
    `lab_patient_id` int(11) NOT NULL,
    `test_id` int(11) NOT NULL,
    `patient_id` int(11) NOT NULL,
    `user_id_assign` int(11) NOT NULL,
    `assign_date` int(11) NOT NULL,
    `no_of_item` int(11) NOT NULL DEFAULT 1,
    `total_cost` decimal(10, 0) NOT NULL,
    `user_id_discharge` int(11) DEFAULT NULL,
    `discharge_date` int(11) DEFAULT NULL,
    `memo` text DEFAULT NULL
  ) ENGINE = InnoDB DEFAULT CHARSET = utf8;
--
  -- Dumping data for table `lab_patient`
  --
INSERT INTO
  `lab_patient` (
    `lab_patient_id`,
    `test_id`,
    `patient_id`,
    `user_id_assign`,
    `assign_date`,
    `no_of_item`,
    `total_cost`,
    `user_id_discharge`,
    `discharge_date`,
    `memo`
  )
VALUES
  (11, 2, 35, 1, 1643375974, 1, 500, NULL, NULL, ''),
  (12, 1, 36, 1, 1643376378, 1, 150, NULL, NULL, ''),
  (13, 1, 65, 1, 1643623345, 1, 150, NULL, NULL, '');
-- --------------------------------------------------------
  --
  -- Table structure for table `logins`
  --
  CREATE TABLE `logins` (
    `login_id` int(10) UNSIGNED NOT NULL,
    `ip_address` int(10) UNSIGNED NOT NULL,
    `user_id` int(10) UNSIGNED NOT NULL,
    `time` timestamp NOT NULL DEFAULT current_timestamp() ON UPDATE current_timestamp(),
    `success` tinyint(1) NOT NULL DEFAULT 0
  ) ENGINE = InnoDB DEFAULT CHARSET = utf8;
--
  -- Dumping data for table `logins`
  --
INSERT INTO
  `logins` (
    `login_id`,
    `ip_address`,
    `user_id`,
    `time`,
    `success`
  )
VALUES
  (1, 3065957005, 1, '2021-06-24 12:46:37', 1),
  (2, 3065957005, 2, '2021-06-24 13:05:15', 1),
  (3, 3065957005, 1, '2021-06-24 13:17:32', 1),
  (4, 3392087790, 1, '2021-06-24 13:23:42', 1),
  (5, 3065957005, 6, '2021-06-24 14:07:34', 1),
  (6, 3065957005, 7, '2021-06-24 14:08:23', 1),
  (7, 3065957005, 4, '2021-06-24 14:09:06', 1),
  (8, 3065957005, 7, '2021-06-24 14:10:39', 1),
  (9, 3065957005, 4, '2021-06-24 14:12:18', 1),
  (10, 3065957005, 4, '2021-06-24 14:12:23', 1),
  (11, 3065957005, 6, '2021-06-24 14:13:09', 1),
  (12, 3065957005, 7, '2021-06-24 14:13:27', 1),
  (13, 3392087790, 2, '2021-06-24 14:19:51', 1),
  (14, 3392087790, 7, '2021-06-24 14:24:37', 1),
  (15, 3392087790, 1, '2021-06-24 14:26:54', 1),
  (16, 3392087790, 2, '2021-06-24 14:32:33', 1),
  (17, 3392087790, 7, '2021-06-24 14:36:06', 1),
  (18, 3392087790, 2, '2021-06-24 14:45:04', 1),
  (19, 3392087790, 6, '2021-06-24 14:47:22', 1),
  (20, 3392087790, 7, '2021-06-24 14:48:22', 1),
  (21, 3392087790, 2, '2021-06-24 14:52:22', 1),
  (22, 3065957005, 7, '2021-06-24 15:06:47', 1),
  (23, 3392087790, 1, '2021-06-24 15:08:28', 1),
  (24, 3392087790, 2, '2021-06-24 15:10:09', 1),
  (25, 3392087790, 6, '2021-06-24 15:11:06', 1),
  (26, 3392087790, 2, '2021-06-24 15:12:09', 1),
  (27, 3065957005, 2, '2021-06-24 15:50:36', 1),
  (28, 3065957005, 4, '2021-06-24 15:51:59', 1),
  (29, 3065957005, 5, '2021-06-24 15:53:58', 1),
  (30, 3065957005, 7, '2021-06-24 15:54:58', 1),
  (31, 3065957005, 4, '2021-06-24 15:57:06', 1),
  (32, 3392087790, 1, '2021-06-24 19:47:53', 1),
  (33, 3392087790, 2, '2021-06-24 19:48:30', 1),
  (34, 3392087790, 7, '2021-06-24 19:51:00', 1),
  (35, 3392087790, 1, '2021-06-24 19:51:26', 1),
  (36, 3392087790, 7, '2021-06-24 20:16:13', 1),
  (37, 3392087790, 1, '2021-06-24 20:17:11', 1),
  (38, 3392087790, 4, '2021-06-24 20:17:48', 1),
  (39, 3392087790, 5, '2021-06-24 20:18:29', 1),
  (40, 3392087790, 0, '2021-06-25 21:12:11', 0),
  (41, 3392087790, 0, '2021-06-25 21:12:16', 0),
  (42, 3392087790, 1, '2021-06-25 21:12:34', 1),
  (43, 3392087790, 2, '2021-06-25 21:15:09', 1),
  (44, 3392087790, 7, '2021-06-25 21:18:15', 1),
  (45, 3392087790, 1, '2021-06-25 21:23:01', 1),
  (46, 3392087790, 6, '2021-06-26 11:15:46', 1),
  (47, 3392087790, 7, '2021-06-26 11:16:28', 1),
  (48, 628067315, 1, '2021-06-26 13:37:52', 1),
  (49, 1870116647, 7, '2021-06-26 13:40:16', 1),
  (50, 1870116647, 2, '2021-06-26 13:42:02', 1),
  (51, 1870116647, 7, '2021-06-26 13:45:47', 1),
  (52, 3392087790, 2, '2021-06-28 10:43:50', 1),
  (53, 3392087790, 7, '2021-06-28 10:45:22', 1),
  (54, 3392087790, 7, '2021-06-28 10:46:23', 1),
  (55, 1870116629, 0, '2021-06-28 14:39:55', 0),
  (56, 1870116629, 1, '2021-06-28 14:39:59', 1),
  (57, 1870116629, 7, '2021-06-28 14:40:55', 1),
  (58, 1870116629, 2, '2021-06-28 14:42:54', 1),
  (59, 3392087790, 1, '2021-06-28 17:21:41', 1),
  (60, 3392087790, 2, '2021-06-28 17:22:35', 1),
  (61, 3392087790, 7, '2021-06-28 17:23:05', 1),
  (62, 3392087790, 2, '2021-06-28 17:24:52', 1),
  (63, 3392087790, 0, '2021-06-28 17:28:26', 0),
  (64, 3392087790, 1, '2021-06-28 17:28:30', 1),
  (65, 3392087790, 7, '2021-06-28 17:29:30', 1),
  (66, 3392087790, 1, '2021-06-28 21:32:41', 1),
  (67, 3392087790, 2, '2021-06-28 21:34:59', 1),
  (68, 3392087790, 7, '2021-06-28 21:37:11', 1),
  (69, 3392087790, 1, '2021-06-28 21:45:32', 1),
  (70, 3392087790, 7, '2021-06-29 16:48:58', 1),
  (71, 3392087790, 7, '2021-06-29 16:49:04', 1),
  (72, 3392087790, 2, '2021-06-29 16:52:10', 1),
  (73, 2007005313, 1, '2021-06-29 21:34:26', 1),
  (74, 2007005406, 1, '2021-06-30 15:11:36', 1),
  (75, 2007005406, 1, '2021-06-30 15:11:36', 0),
  (76, 2007005406, 0, '2021-06-30 15:11:41', 0),
  (77, 2007005406, 0, '2021-06-30 15:11:43', 0),
  (78, 2007005406, 1, '2021-06-30 15:11:58', 1),
  (79, 2007004584, 1, '2021-06-30 20:57:16', 1),
  (80, 2007005228, 1, '2021-07-02 12:33:24', 1),
  (81, 2007005228, 1, '2021-07-02 12:55:21', 1),
  (82, 3392087790, 1, '2021-07-03 00:00:52', 1),
  (83, 3392087790, 8, '2021-07-03 00:02:17', 1),
  (84, 3392087790, 7, '2021-07-03 00:03:17', 1),
  (85, 2007005304, 1, '2021-07-03 15:47:27', 1),
  (86, 2007005304, 1, '2021-07-03 17:10:41', 1),
  (87, 2007005304, 1, '2021-07-03 19:38:06', 1),
  (88, 2007005300, 1, '2021-07-04 13:28:46', 1),
  (89, 2007005272, 1, '2021-07-06 15:13:36', 1),
  (90, 1870116615, 0, '2021-07-11 16:27:00', 0),
  (91, 1870116615, 0, '2021-07-11 16:27:06', 0),
  (92, 1870116615, 1, '2021-07-11 16:27:14', 1),
  (93, 3392087790, 1, '2021-07-12 23:57:21', 1),
  (94, 3392087790, 2, '2021-07-12 23:59:30', 1),
  (95, 3392087790, 1, '2021-07-13 00:02:32', 1),
  (96, 3392087790, 7, '2021-07-13 00:08:46', 1),
  (97, 3392087790, 1, '2021-07-13 00:12:49', 1),
  (98, 3392087790, 2, '2021-07-13 00:13:32', 1),
  (99, 3392087790, 1, '2021-07-13 00:14:51', 1),
  (100, 3392087790, 7, '2021-07-13 00:15:00', 0),
  (101, 3392087790, 7, '2021-07-13 00:15:06', 1),
  (102, 3392087790, 4, '2021-07-13 00:16:11', 1),
  (103, 3392087790, 1, '2021-07-13 00:16:19', 1),
  (104, 3392087790, 6, '2021-07-13 00:16:36', 1),
  (105, 3392087790, 1, '2021-07-13 00:18:56', 1),
  (106, 3065958645, 1, '2021-07-14 00:11:04', 1),
  (107, 3392087790, 1, '2021-07-14 15:09:33', 1),
  (108, 3392087790, 1, '2021-07-16 10:11:38', 1),
  (109, 657476508, 1, '2021-07-17 21:59:19', 1),
  (110, 657476508, 1, '2021-07-17 22:00:03', 0),
  (111, 657476508, 1, '2021-07-17 22:00:14', 1),
  (112, 1870116635, 1, '2021-07-17 23:43:55', 1),
  (113, 657462634, 1, '2021-07-18 19:32:55', 1),
  (114, 1870116660, 1, '2021-07-18 23:56:09', 1),
  (115, 657468495, 1, '2021-07-19 00:56:22', 1),
  (116, 1870116626, 1, '2021-07-19 19:38:53', 1),
  (117, 3394480214, 0, '2021-07-29 14:10:35', 0),
  (118, 3394480214, 0, '2021-07-29 14:10:40', 0),
  (119, 3394480214, 0, '2021-07-29 14:10:45', 0),
  (120, 3394480214, 1, '2021-07-29 14:10:49', 1),
  (121, 3394480214, 1, '2021-07-30 15:13:01', 1),
  (122, 3394480214, 7, '2021-07-30 15:21:25', 1),
  (123, 3394480214, 2, '2021-07-30 15:25:29', 1),
  (124, 1950811508, 5, '2021-07-30 15:35:51', 1),
  (125, 1950811508, 2, '2021-07-30 15:37:07', 1),
  (126, 0, 1, '2021-08-05 10:53:21', 1),
  (127, 0, 2, '2021-08-05 10:57:15', 0),
  (128, 0, 2, '2021-08-05 10:57:22', 1),
  (129, 0, 2, '2021-08-05 12:59:25', 1),
  (130, 0, 7, '2021-08-05 13:14:39', 1),
  (131, 0, 1, '2021-08-05 15:00:21', 1),
  (132, 0, 1, '2021-08-16 03:15:04', 0),
  (133, 0, 1, '2021-08-16 03:15:24', 1),
  (134, 0, 2, '2021-08-16 07:14:23', 1),
  (135, 656577339, 1, '2021-09-05 10:33:37', 1),
  (136, 656577339, 2, '2021-09-05 10:36:07', 1),
  (137, 656577339, 7, '2021-09-05 10:37:24', 1),
  (138, 3031602169, 1, '2021-09-05 13:43:19', 1),
  (139, 2302403115, 1, '2021-09-06 16:44:56', 1),
  (140, 2302403115, 1, '2021-09-06 19:53:37', 0),
  (141, 2302403115, 1, '2021-09-06 19:55:05', 1),
  (142, 2302403115, 2, '2021-09-06 19:55:49', 1),
  (143, 2302403115, 1, '2021-09-06 21:40:21', 1),
  (144, 2302403115, 2, '2021-09-06 21:40:54', 1),
  (145, 2302403115, 10, '2021-09-06 21:45:09', 1),
  (146, 2302403115, 1, '2021-09-07 20:16:21', 1),
  (147, 2302403115, 10, '2021-09-07 20:16:46', 1),
  (148, 2302403115, 11, '2021-09-07 20:20:01', 1),
  (149, 3031602229, 1, '2021-09-11 19:06:14', 1),
  (150, 3031602229, 10, '2021-09-11 19:07:00', 1),
  (151, 2302403115, 1, '2021-09-14 21:21:10', 1),
  (152, 2302403115, 10, '2021-09-14 21:21:30', 1),
  (153, 2302403115, 8, '2021-09-14 21:22:59', 1),
  (154, 2302403115, 7, '2021-09-14 21:24:09', 1),
  (155, 2302403115, 2, '2021-09-14 21:35:13', 1),
  (156, 3065956609, 1, '2021-09-15 09:31:02', 1),
  (157, 3394480214, 1, '2021-09-15 11:18:10', 1),
  (158, 3394480214, 2, '2021-09-15 11:18:48', 1),
  (159, 3065956609, 1, '2021-09-16 08:56:23', 1),
  (160, 1870116657, 1, '2021-09-17 00:22:21', 1),
  (161, 1870116657, 1, '2021-09-17 00:22:52', 1),
  (162, 1870116657, 1, '2021-09-17 01:33:10', 1),
  (163, 1870116657, 1, '2021-09-17 01:33:19', 1),
  (164, 1870116657, 7, '2021-09-17 01:36:17', 1),
  (165, 1870116657, 1, '2021-09-17 01:37:59', 1),
  (166, 3065959865, 1, '2021-10-18 10:50:16', 1),
  (167, 656578725, 1, '2022-01-14 17:14:11', 1),
  (168, 996658447, 1, '2022-01-15 14:00:06', 1),
  (169, 996658447, 1, '2022-01-15 14:47:22', 1),
  (170, 996658447, 1, '2022-01-15 14:53:53', 1),
  (171, 996658447, 1, '2022-01-15 15:01:10', 1),
  (172, 996658447, 1, '2022-01-15 15:04:24', 1),
  (173, 996658447, 1, '2022-01-15 15:05:35', 1),
  (174, 996658447, 1, '2022-01-15 15:09:00', 1),
  (175, 996658447, 1, '2022-01-15 15:10:41', 1),
  (176, 1743035987, 0, '2022-01-21 17:16:33', 0),
  (177, 1743035987, 1, '2022-01-21 17:16:55', 0),
  (178, 1743035987, 1, '2022-01-21 17:17:25', 0),
  (179, 1743035987, 1, '2022-01-21 17:20:00', 1),
  (180, 1743035987, 1, '2022-01-21 17:22:31', 1),
  (181, 1743035987, 1, '2022-01-21 17:23:03', 1),
  (182, 1743035987, 1, '2022-01-21 17:24:11', 1),
  (183, 1743035987, 1, '2022-01-21 17:33:04', 1),
  (184, 1743035987, 7, '2022-01-21 17:33:26', 1),
  (185, 1743035987, 7, '2022-01-21 17:37:49', 1),
  (186, 1743035987, 2, '2022-01-21 17:40:39', 1),
  (187, 1743035987, 1, '2022-01-21 17:42:28', 1),
  (188, 1743035987, 1, '2022-01-21 17:59:43', 1),
  (189, 1743035987, 7, '2022-01-21 18:04:51', 1),
  (190, 1743035987, 2, '2022-01-21 18:06:27', 1),
  (191, 1743035987, 1, '2022-01-21 18:08:42', 1),
  (192, 1743035987, 7, '2022-01-21 18:11:12', 1),
  (193, 1743035987, 1, '2022-01-21 18:12:30', 1),
  (194, 1743035987, 1, '2022-01-21 18:14:22', 1),
  (195, 1743035987, 1, '2022-01-21 18:38:13', 1),
  (196, 1743035987, 1, '2022-01-21 18:55:14', 1),
  (197, 2001299467, 1, '2022-01-21 19:16:45', 1),
  (198, 1743035987, 2, '2022-01-21 19:19:14', 1),
  (199, 2001299467, 1, '2022-01-21 19:35:20', 1),
  (200, 3065845257, 1, '2022-01-21 22:22:34', 1),
  (201, 3065960701, 0, '2022-01-21 23:23:12', 0),
  (202, 3065960701, 1, '2022-01-21 23:23:54', 0),
  (203, 3065960701, 1, '2022-01-21 23:24:40', 1),
  (204, 2943080900, 1, '2022-01-22 16:18:38', 1),
  (205, 2943080900, 1, '2022-01-22 16:23:50', 0),
  (206, 2943080900, 1, '2022-01-22 16:25:12', 1),
  (207, 2943080900, 1, '2022-01-24 16:33:31', 1),
  (208, 2001299609, 0, '2022-01-25 19:06:12', 0),
  (209, 2001299609, 1, '2022-01-25 19:06:39', 1),
  (210, 2001299609, 1, '2022-01-25 19:07:08', 0),
  (211, 2001299609, 1, '2022-01-25 19:07:34', 1),
  (212, 2001299609, 1, '2022-01-25 19:07:54', 1),
  (213, 1950811152, 1, '2022-01-27 16:43:36', 0),
  (214, 2943080900, 1, '2022-01-27 16:44:09', 1),
  (215, 2006797094, 0, '2022-01-28 10:01:30', 0),
  (216, 2006797094, 1, '2022-01-28 10:01:37', 0),
  (217, 2006797094, 1, '2022-01-28 10:01:49', 1),
  (218, 1742320267, 1, '2022-01-28 11:13:20', 1),
  (219, 1742320267, 1, '2022-01-28 11:13:21', 1),
  (220, 1742320267, 1, '2022-01-28 12:10:50', 1),
  (221, 1950811260, 1, '2022-01-28 12:15:37', 1),
  (222, 1742320267, 1, '2022-01-28 12:24:49', 1),
  (223, 1742320267, 1, '2022-01-28 12:29:30', 1),
  (224, 1742320267, 1, '2022-01-28 12:59:04', 1),
  (225, 1742320267, 1, '2022-01-28 13:10:35', 1),
  (226, 1742320267, 1, '2022-01-28 13:10:38', 1),
  (227, 1742320267, 1, '2022-01-28 17:32:33', 1),
  (228, 2001299616, 1, '2022-01-29 12:02:31', 1),
  (229, 2001299616, 1, '2022-01-29 12:04:42', 1),
  (230, 1742320295, 1, '2022-01-29 17:27:44', 1),
  (231, 1742320295, 1, '2022-01-29 17:28:42', 1),
  (232, 1742320295, 1, '2022-01-29 17:41:52', 1),
  (233, 1742320295, 1, '2022-01-29 17:41:56', 1),
  (234, 1742320295, 1, '2022-01-29 17:42:01', 1),
  (235, 1742320295, 1, '2022-01-29 17:42:01', 1),
  (236, 1742320295, 1, '2022-01-29 17:42:01', 1),
  (237, 1742320295, 1, '2022-01-29 17:42:08', 1),
  (238, 1742320295, 1, '2022-01-29 17:42:09', 1),
  (239, 1742320295, 1, '2022-01-29 17:42:30', 1),
  (240, 1742320295, 1, '2022-01-29 17:42:37', 1),
  (241, 1742320295, 1, '2022-01-29 17:42:57', 1),
  (242, 1742320295, 1, '2022-01-29 17:42:58', 1),
  (243, 1742320295, 1, '2022-01-29 17:43:00', 1),
  (244, 1742320295, 1, '2022-01-29 17:46:50', 1),
  (245, 1742320295, 1, '2022-01-29 17:47:17', 1),
  (246, 1742320295, 1, '2022-01-29 17:51:07', 1),
  (247, 3392087790, 1, '2022-01-29 18:12:36', 1),
  (248, 0, 1, '2022-01-30 21:53:08', 1),
  (249, 1950811768, 1, '2022-01-31 08:25:59', 1),
  (250, 1950811768, 1, '2022-01-31 08:40:23', 1),
  (251, 1742320264, 1, '2022-01-31 11:44:30', 1),
  (252, 1742320264, 1, '2022-01-31 11:47:54', 0),
  (253, 1742320264, 1, '2022-01-31 11:47:54', 0),
  (254, 1742320264, 1, '2022-01-31 11:48:04', 1),
  (255, 1742320264, 1, '2022-01-31 17:16:52', 1),
  (256, 1742320264, 1, '2022-01-31 17:17:43', 1),
  (257, 1742320264, 1, '2022-01-31 17:17:44', 0),
  (258, 1742320264, 1, '2022-01-31 17:18:56', 1),
  (259, 1950811475, 1, '2022-01-31 17:52:41', 1),
  (260, 1950811475, 1, '2022-01-31 17:53:14', 1),
  (261, 3065957455, 1, '2022-01-31 21:06:19', 1);
-- --------------------------------------------------------
  --
  -- Table structure for table `patients`
  --
  CREATE TABLE `patients` (
    `patient_id` int(11) NOT NULL,
    `first_name` varchar(40) NOT NULL,
    `last_name` varchar(40) DEFAULT NULL,
    `fname` varchar(40) DEFAULT NULL,
    `gender` tinyint(1) DEFAULT NULL,
    `email` varchar(255) DEFAULT NULL,
    `phone` varchar(15) DEFAULT NULL,
    `address` varchar(255) DEFAULT NULL,
    `social_id` varchar(12) DEFAULT NULL,
    `id_type` enum(
      '',
      'CNIC',
      'Passport',
      'Driver License',
      'Bank ID Card'
    ) DEFAULT 'CNIC',
    `birth_date` int(11) DEFAULT NULL,
    `create_date` int(11) NOT NULL,
    `picture` text DEFAULT NULL,
    `memo` text DEFAULT NULL
  ) ENGINE = InnoDB DEFAULT CHARSET = utf8;
--
  -- Dumping data for table `patients`
  --
INSERT INTO
  `patients` (
    `patient_id`,
    `first_name`,
    `last_name`,
    `fname`,
    `gender`,
    `email`,
    `phone`,
    `address`,
    `social_id`,
    `id_type`,
    `birth_date`,
    `create_date`,
    `picture`,
    `memo`
  )
VALUES
  (
    23,
    'Islam',
    'Uddin',
    'M Arif',
    1,
    'test@test.com',
    '03323967646',
    '.',
    '42201-634525',
    'CNIC',
    695970000,
    1642786769,
    NULL,
    ''
  ),
  (
    24,
    'Ali',
    'Khan',
    'Wali',
    1,
    'no@mail.com',
    '03333333333',
    '',
    '',
    'CNIC',
    916894800,
    1642788030,
    NULL,
    ''
  ),
  (
    25,
    'Huzefa',
    '',
    '',
    1,
    '',
    '033333333',
    '',
    '',
    'CNIC',
    948430800,
    1642788339,
    NULL,
    ''
  ),
  (
    26,
    'sana',
    '',
    '',
    0,
    '',
    '0333333',
    '',
    '',
    'CNIC',
    601362000,
    1642788973,
    NULL,
    ''
  ),
  (
    27,
    'sania',
    '',
    '',
    0,
    '',
    '0333333',
    '',
    '',
    'CNIC',
    1611205200,
    1642790435,
    NULL,
    ''
  ),
  (
    28,
    'maria',
    '',
    '',
    0,
    '',
    '03333333',
    '',
    '',
    'CNIC',
    1611205200,
    1642791366,
    NULL,
    ''
  ),
  (
    29,
    'bisma',
    '',
    'huzaifa',
    0,
    '',
    '0333333',
    '',
    '',
    'CNIC',
    1579582800,
    1642792117,
    NULL,
    ''
  ),
  (
    30,
    'Bisma',
    '',
    'Abdul gani',
    0,
    '',
    '03182658379',
    '',
    '',
    'CNIC',
    1106629200,
    1643137838,
    NULL,
    ''
  ),
  (
    31,
    'Haris',
    '',
    'Meraj',
    1,
    '',
    '03142186141',
    '',
    '',
    'CNIC',
    1012194000,
    1643368583,
    NULL,
    ''
  ),
  (
    32,
    'haleema sadia',
    '',
    'rizwan',
    0,
    '',
    '0301-2242735',
    '',
    '',
    'CNIC',
    1390885200,
    1643372054,
    NULL,
    ''
  ),
  (
    33,
    'haleema sadia',
    '',
    'rizwan',
    0,
    '',
    '0301-2242735',
    '',
    '',
    'CNIC',
    1390885200,
    1643372160,
    NULL,
    ''
  ),
  (
    34,
    'hania',
    '',
    'ali',
    0,
    '',
    '033333333',
    '',
    '',
    'CNIC',
    1611810000,
    1643373035,
    NULL,
    ''
  ),
  (
    35,
    'mushtaq ahmed',
    '',
    'rizwan',
    1,
    '',
    '01111111111',
    'jamshed road',
    '',
    'CNIC',
    1327726800,
    1643375767,
    NULL,
    ''
  ),
  (
    36,
    'bisma',
    '',
    'a.ghani',
    0,
    '',
    '03222578523',
    '',
    '',
    'CNIC',
    1580187600,
    1643376245,
    NULL,
    ''
  ),
  (
    37,
    'marjan',
    '',
    'ebtisam',
    0,
    '',
    '0313-2425339',
    'gulshan iqbal',
    '',
    'CNIC',
    1611810000,
    1643391302,
    NULL,
    ''
  ),
  (
    38,
    'darius',
    '',
    'iftikhar ahmed',
    1,
    '',
    '0303-3836747',
    '',
    '',
    'CNIC',
    1390971600,
    1643463336,
    NULL,
    ''
  ),
  (
    39,
    'isra',
    '',
    'anwar',
    0,
    '',
    '0317-1008422',
    '',
    '',
    'CNIC',
    1611896400,
    1643463436,
    NULL,
    ''
  ),
  (
    40,
    'zahra',
    '',
    'ismail',
    0,
    '',
    '0347-2742583',
    '',
    '',
    'CNIC',
    1611896400,
    1643463675,
    NULL,
    ''
  ),
  (
    41,
    'manahil fatima',
    '',
    'naveed',
    0,
    '',
    '0347-0281331',
    '',
    '',
    'CNIC',
    1580274000,
    1643463872,
    NULL,
    ''
  ),
  (
    42,
    'khizar',
    '',
    'zohaib',
    1,
    '',
    '0321-2972610',
    '',
    '',
    'CNIC',
    1611896400,
    1643477306,
    NULL,
    ''
  ),
  (
    43,
    'zahra',
    '',
    'm.sami',
    0,
    '',
    '0345-3172712',
    '',
    '',
    'CNIC',
    1485666000,
    1643478106,
    NULL,
    ''
  ),
  (
    44,
    'M.Ameer faaz',
    '',
    'zohaib',
    1,
    '',
    '0344-2212440',
    '',
    '',
    'CNIC',
    1611896400,
    1643478764,
    NULL,
    ''
  ),
  (
    45,
    'khadija',
    '',
    'ali mustafa',
    0,
    '',
    '0334-3016473',
    '',
    '',
    'CNIC',
    1611896400,
    1643478898,
    NULL,
    ''
  ),
  (
    46,
    'hania',
    '',
    'ali mustafa',
    0,
    '',
    '0334-3016473',
    '',
    '',
    'CNIC',
    1580274000,
    1643479007,
    NULL,
    ''
  ),
  (
    47,
    'mustafa',
    '',
    'm.amir',
    1,
    '',
    '0315-1106490',
    '',
    '',
    'CNIC',
    1390971600,
    1643479584,
    NULL,
    ''
  ),
  (
    48,
    'anus',
    '',
    'amir',
    1,
    '',
    '0346-2070383',
    '',
    '',
    'CNIC',
    1580274000,
    1643479697,
    NULL,
    ''
  ),
  (
    49,
    'M.Azlan',
    '',
    'roman',
    1,
    '',
    '0334-2208900',
    '',
    '',
    'CNIC',
    1611896400,
    1643480535,
    NULL,
    ''
  ),
  (
    50,
    'mutaqeem',
    '',
    'ashraf',
    1,
    '',
    '0318-2325434',
    '',
    '',
    'CNIC',
    1359435600,
    1643481354,
    NULL,
    ''
  ),
  (
    51,
    'zimmal',
    '',
    'sajid',
    1,
    '',
    '0315-29609910',
    '',
    '',
    'CNIC',
    1611896400,
    1643481451,
    NULL,
    ''
  ),
  (
    52,
    'abdullah',
    '',
    'nazeer',
    1,
    '',
    '0300-9207430',
    '',
    '',
    'CNIC',
    1454043600,
    1643482258,
    NULL,
    ''
  ),
  (
    53,
    'rayyan',
    '',
    'ayaz',
    1,
    '',
    '0312-2206009',
    '',
    '',
    'CNIC',
    1580274000,
    1643482408,
    NULL,
    ''
  ),
  (
    54,
    'aqsa',
    '',
    'ayaz',
    1,
    '',
    '0312-2206009',
    '',
    '',
    'CNIC',
    1422507600,
    1643482496,
    NULL,
    ''
  ),
  (
    55,
    'm.hami',
    '',
    'shazaib',
    1,
    '',
    '0316-0017243',
    '',
    '',
    'CNIC',
    1517202000,
    1643482818,
    NULL,
    ''
  ),
  (
    56,
    'bushra',
    '',
    'farhan',
    0,
    '',
    '0323-3819000',
    '',
    '',
    'CNIC',
    1611896400,
    1643483662,
    NULL,
    ''
  ),
  (
    57,
    'mantasha',
    '',
    'faheem',
    0,
    '',
    '0311-2695405',
    '',
    '',
    'CNIC',
    1485666000,
    1643486007,
    NULL,
    ''
  ),
  (
    58,
    'musab',
    '',
    'm.umer',
    1,
    '',
    '0321-2290550',
    '',
    '',
    'CNIC',
    1422507600,
    1643486100,
    NULL,
    ''
  ),
  (
    59,
    'abeer',
    '',
    'tauqeer',
    1,
    '',
    '0321-3787507',
    '',
    '',
    'CNIC',
    1548738000,
    1643486198,
    NULL,
    ''
  ),
  (
    60,
    'maryam',
    '',
    'waqar',
    0,
    '',
    '0300-2107987',
    '',
    '',
    'CNIC',
    1580274000,
    1643486351,
    NULL,
    ''
  ),
  (
    61,
    'hashir',
    '',
    'atif',
    1,
    '',
    '0313-2271887',
    '',
    '',
    'CNIC',
    1296277200,
    1643486452,
    NULL,
    ''
  ),
  (
    62,
    'daiba',
    '',
    'asif',
    0,
    '',
    '0334-7540734',
    '',
    '',
    'CNIC',
    1517202000,
    1643486566,
    NULL,
    ''
  ),
  (
    63,
    'momina',
    '',
    'ibrahim',
    0,
    '',
    '0332-3372116',
    '',
    '',
    'CNIC',
    1580274000,
    1643487528,
    NULL,
    ''
  ),
  (
    64,
    'Aleem',
    'Khan',
    'wali',
    1,
    '',
    '0333333',
    '',
    '',
    'CNIC',
    1580360400,
    1643622013,
    NULL,
    ''
  ),
  (
    65,
    'Ali',
    '',
    'Wali',
    1,
    '',
    '03333333',
    '',
    '',
    'CNIC',
    1548824400,
    1643623170,
    NULL,
    ''
  ),
  (
    66,
    'fabiha',
    '',
    'fidda',
    0,
    '',
    '0310-3939688',
    '',
    '',
    'CNIC',
    1485838800,
    1643629727,
    NULL,
    ''
  ),
  (
    67,
    'faiz ur rehman',
    '',
    'fawad',
    1,
    '',
    '0345-2343976',
    'hydrabad colony',
    '',
    'CNIC',
    1548910800,
    1643630190,
    NULL,
    ''
  ),
  (
    68,
    'arham',
    '',
    'hassan ali',
    1,
    '',
    '0304-2595518',
    'jamshed road',
    '',
    'CNIC',
    1612069200,
    1643630487,
    NULL,
    ''
  ),
  (
    69,
    'saira',
    '',
    '',
    0,
    '',
    '0303-2056180',
    'lasbela',
    '',
    'CNIC',
    1612069200,
    1643631619,
    NULL,
    ''
  ),
  (
    70,
    'noor fatima',
    '',
    'm.bilal',
    0,
    '',
    '0323-2264328',
    'garden west',
    '',
    'CNIC',
    1359608400,
    1643632499,
    NULL,
    ''
  ),
  (
    71,
    'A.Rafay',
    '',
    'atif',
    1,
    '',
    '0345-2218168',
    '',
    '',
    'CNIC',
    1391144400,
    1643632654,
    NULL,
    ''
  ),
  (
    72,
    'ayan',
    '',
    'adil',
    1,
    '',
    '0315-8432149',
    '',
    '',
    'CNIC',
    1612069200,
    1643632787,
    NULL,
    ''
  ),
  (
    73,
    'affan',
    '',
    'a.rafay',
    1,
    '',
    '0300-2326658',
    'jamshed road',
    '',
    'CNIC',
    1422680400,
    1643634126,
    NULL,
    ''
  ),
  (
    74,
    'aqsa',
    '',
    'ashraf',
    0,
    '',
    '0322-2322921',
    'pib colony',
    '',
    'CNIC',
    1327986000,
    1643634244,
    NULL,
    ''
  ),
  (
    75,
    'Rija',
    '',
    'umer',
    0,
    '',
    '0321-2240030',
    'new karachi',
    '',
    'CNIC',
    1612069200,
    1643634375,
    NULL,
    ''
  ),
  (
    76,
    'ameer hamza',
    '',
    'raza',
    1,
    '',
    '0331-2617119',
    '',
    '',
    'CNIC',
    1422680400,
    1643634544,
    NULL,
    ''
  ),
  (
    77,
    'hurain fatima',
    '',
    'm.akber',
    0,
    '',
    '0300-2828018',
    '',
    '',
    'CNIC',
    1485838800,
    1643634701,
    NULL,
    ''
  ),
  (
    78,
    'izyan',
    '',
    'ahmed naeem',
    1,
    '',
    '0333-2977853',
    '',
    '',
    'CNIC',
    1517374800,
    1643635090,
    NULL,
    ''
  ),
  (
    79,
    'mohammad',
    '',
    'adil khan',
    1,
    '',
    '0322-2241480',
    '',
    '',
    'CNIC',
    1201755600,
    1643635194,
    NULL,
    ''
  ),
  (
    80,
    'hamdan',
    '',
    'kashif',
    1,
    '',
    '0336-1255147',
    'kharadar',
    '',
    'CNIC',
    1612069200,
    1643636011,
    NULL,
    ''
  ),
  (
    81,
    'dawood',
    '',
    'danish',
    1,
    '',
    '0311-2539777',
    '',
    '',
    'CNIC',
    1327986000,
    1643636222,
    NULL,
    ''
  ),
  (
    82,
    'arham',
    '',
    'ahmed',
    1,
    '',
    '0334-1878473',
    '',
    '',
    'CNIC',
    1359608400,
    1643637748,
    NULL,
    ''
  ),
  (
    83,
    'maria',
    '',
    'hammad',
    0,
    '',
    '0333-3274439',
    '',
    '',
    'CNIC',
    1548910800,
    1643637861,
    NULL,
    ''
  ),
  (
    84,
    'ibrahim',
    '',
    'amjad',
    1,
    '',
    '0321-8214422',
    '',
    '',
    'CNIC',
    1580446800,
    1643638304,
    NULL,
    ''
  ),
  (
    85,
    'irshan',
    '',
    'irfan',
    1,
    '',
    '0311-1201467',
    '',
    '',
    'CNIC',
    1580446800,
    1643638428,
    NULL,
    ''
  ),
  (
    86,
    'haya',
    '',
    'm.adnan',
    0,
    '',
    '0330-2351330',
    '',
    '',
    'CNIC',
    1548910800,
    1643638493,
    NULL,
    ''
  ),
  (
    87,
    'burhan',
    '',
    'huzaifa',
    1,
    '',
    '0306-9863151',
    '',
    '',
    'CNIC',
    1548910800,
    1643639004,
    NULL,
    ''
  ),
  (
    88,
    'abiha',
    '',
    'm.ali',
    0,
    '',
    '0300-2421255',
    '',
    '',
    'CNIC',
    1517374800,
    1643639081,
    NULL,
    ''
  ),
  (
    89,
    'haleema',
    '',
    'raheel',
    0,
    '',
    '0313-13054589',
    '',
    '',
    'CNIC',
    1485838800,
    1643649536,
    NULL,
    ''
  ),
  (
    90,
    'mustafa',
    '',
    'anees',
    1,
    '',
    '0300-3945312',
    '',
    '',
    'CNIC',
    1359608400,
    1643653432,
    NULL,
    ''
  ),
  (
    91,
    'zahra',
    '',
    'anees',
    0,
    '',
    '0300-3945312',
    '',
    '',
    'CNIC',
    1580446800,
    1643653485,
    NULL,
    ''
  ),
  (
    92,
    'rohan',
    '',
    'rehan',
    1,
    '',
    '0311-8302202',
    'jamshed road',
    '',
    'CNIC',
    1612069200,
    1643653918,
    NULL,
    ''
  ),
  (
    93,
    'hareem',
    '',
    'samad',
    0,
    '',
    '0306-2436798',
    '',
    '',
    'CNIC',
    1548910800,
    1643654074,
    NULL,
    ''
  ),
  (
    94,
    'arham',
    '',
    'naveed',
    1,
    '',
    '0345-2160579',
    '',
    '',
    'CNIC',
    1454216400,
    1643654760,
    NULL,
    ''
  );
-- --------------------------------------------------------
  --
  -- Table structure for table `patient_doctor`
  --
  CREATE TABLE `patient_doctor` (
    `patient_doctor_id` int(11) NOT NULL,
    `patient_id` int(11) NOT NULL,
    `user_id` int(11) NOT NULL,
    `visit_date` int(11) NOT NULL,
    `status` smallint(6) NOT NULL DEFAULT 0
  ) ENGINE = InnoDB DEFAULT CHARSET = utf8;
--
  -- Dumping data for table `patient_doctor`
  --
INSERT INTO
  `patient_doctor` (
    `patient_doctor_id`,
    `patient_id`,
    `user_id`,
    `visit_date`,
    `status`
  )
VALUES
  (23, 23, 1, 1642787483, 1),
  (24, 24, 1, 1642788056, 2),
  (25, 25, 2, 1642788407, 1),
  (26, 26, 1, 1642789090, 1),
  (27, 27, 1, 1642790622, 1),
  (28, 28, 1, 1642791637, 2),
  (29, 29, 1, 1642792142, 1),
  (30, 30, 1, 1643368652, 1),
  (31, 31, 1, 1643372093, 1),
  (32, 32, 1, 1643372128, 2),
  (33, 33, 1, 1643372304, 2),
  (34, 34, 1, 1643373526, 1),
  (35, 35, 1, 1643375809, 1),
  (36, 36, 1, 1643376278, 1),
  (37, 37, 1, 1643458097, 1),
  (38, 38, 1, 1643580009, 2),
  (39, 39, 2, 1643463436, 0),
  (40, 40, 2, 1643463675, 0),
  (41, 41, 2, 1643463872, 0),
  (42, 42, 1, 1643477369, 1),
  (43, 43, 1, 1643478234, 1),
  (44, 44, 1, 1643478833, 1),
  (45, 45, 1, 1643479683, 2),
  (46, 46, 2, 1643479008, 0),
  (47, 47, 2, 1643479584, 0),
  (48, 48, 2, 1643479697, 0),
  (49, 49, 1, 1643480875, 2),
  (50, 50, 2, 1643481354, 0),
  (51, 51, 1, 1643482888, 1),
  (52, 52, 1, 1643482922, 1),
  (53, 53, 2, 1643482408, 0),
  (54, 54, 2, 1643482496, 0),
  (55, 55, 2, 1643482818, 0),
  (56, 56, 2, 1643483662, 0),
  (57, 57, 2, 1643486007, 0),
  (58, 58, 2, 1643486100, 0),
  (59, 59, 2, 1643486198, 0),
  (60, 60, 2, 1643486351, 0),
  (61, 61, 2, 1643486452, 0),
  (62, 62, 2, 1643486566, 0),
  (63, 63, 1, 1643621074, 1),
  (64, 64, 1, 1643622099, 1),
  (65, 65, 1, 1643623253, 1),
  (66, 66, 1, 1643630224, 1),
  (67, 67, 1, 1643630684, 1),
  (68, 68, 1, 1643631070, 2),
  (69, 69, 1, 1643631939, 2),
  (70, 70, 2, 1643632499, 0),
  (71, 71, 2, 1643632654, 0),
  (72, 72, 2, 1643632787, 0),
  (73, 73, 2, 1643634126, 0),
  (74, 74, 2, 1643634244, 0),
  (75, 75, 2, 1643634375, 0),
  (76, 76, 2, 1643634544, 0),
  (77, 77, 2, 1643634701, 0),
  (78, 78, 2, 1643635090, 0),
  (79, 79, 2, 1643635194, 0),
  (80, 80, 2, 1643636011, 0),
  (81, 81, 2, 1643636222, 0),
  (82, 82, 2, 1643637748, 0),
  (83, 83, 2, 1643637861, 0),
  (84, 84, 2, 1643638304, 0),
  (85, 85, 2, 1643638428, 0),
  (86, 86, 2, 1643638493, 0),
  (87, 87, 2, 1643639004, 0),
  (88, 88, 2, 1643639081, 0),
  (89, 89, 2, 1643649536, 0),
  (90, 90, 2, 1643653432, 0),
  (91, 91, 2, 1643653485, 0),
  (92, 92, 2, 1643653918, 0),
  (93, 93, 2, 1643654074, 0),
  (94, 94, 2, 1643654760, 0);
-- --------------------------------------------------------
  --
  -- Stand-in structure for view `patient_lists`
  -- (See below for the actual view)
  --
  CREATE TABLE `patient_lists` (`patient_id` int(11), `name` varchar(81));
-- --------------------------------------------------------
  --
  -- Table structure for table `purchased_drugs`
  --
  CREATE TABLE `purchased_drugs` (
    `purchased_drug_id` int(11) NOT NULL,
    `drug_id` int(11) NOT NULL,
    `user_id` int(11) NOT NULL,
    `purchase_date` int(11) NOT NULL,
    `purchase_price` decimal(10, 0) NOT NULL,
    `no_of_item` int(11) NOT NULL DEFAULT 1,
    `total_cost` decimal(10, 0) NOT NULL,
    `memo` text DEFAULT NULL
  ) ENGINE = InnoDB DEFAULT CHARSET = utf8;
-- --------------------------------------------------------
  --
  -- Table structure for table `reports`
  --
  CREATE TABLE `reports` (
    `report_id` int(11) NOT NULL,
    `user_id` int(11) NOT NULL,
    `subject` text DEFAULT NULL,
    `url` text DEFAULT NULL,
    `description` text DEFAULT NULL,
    `create_date` int(11) NOT NULL
  ) ENGINE = InnoDB DEFAULT CHARSET = utf8;
-- --------------------------------------------------------
  --
  -- Table structure for table `returned_drugs`
  --
  CREATE TABLE `returned_drugs` (
    `returned_drug_id` int(11) NOT NULL,
    `drug_id` int(11) NOT NULL,
    `user_id` int(11) NOT NULL,
    `return_date` int(11) NOT NULL,
    `no_of_item` int(11) NOT NULL DEFAULT 1,
    `total_cost` decimal(10, 0) NOT NULL,
    `memo` text DEFAULT NULL
  ) ENGINE = InnoDB DEFAULT CHARSET = utf8;
-- --------------------------------------------------------
  --
  -- Table structure for table `sessions`
  --
  CREATE TABLE `sessions` (
    `id` int(11) NOT NULL,
    `start` timestamp NULL DEFAULT NULL,
    `end` timestamp NULL DEFAULT NULL,
    `created_by` int(11) DEFAULT NULL,
    `modified_by` int(11) DEFAULT NULL
  ) ENGINE = InnoDB DEFAULT CHARSET = utf8mb4;
--
  -- Dumping data for table `sessions`
  --
INSERT INTO
  `sessions` (
    `id`,
    `start`,
    `end`,
    `created_by`,
    `modified_by`
  )
VALUES
  (
    31,
    '2022-01-21 12:44:23',
    '2022-01-21 13:10:43',
    1,
    1
  ),
  (
    32,
    '2022-01-21 13:10:56',
    '2022-01-21 13:10:57',
    1,
    1
  ),
  (
    33,
    '2022-01-21 13:11:19',
    '2022-01-21 13:11:23',
    7,
    7
  ),
  (
    34,
    '2022-01-21 13:11:28',
    '2022-01-21 13:11:30',
    7,
    7
  ),
  (
    35,
    '2022-01-21 13:13:17',
    '2022-01-21 13:13:21',
    1,
    1
  ),
  (
    36,
    '2022-01-21 13:14:57',
    '2022-01-21 13:39:22',
    1,
    1
  ),
  (
    37,
    '2022-01-21 13:40:27',
    '2022-01-21 14:24:31',
    1,
    1
  ),
  (
    38,
    '2022-01-25 14:10:27',
    '2022-01-28 05:02:15',
    1,
    1
  ),
  (
    39,
    '2022-01-28 06:14:57',
    '2022-01-28 07:29:32',
    1,
    1
  ),
  (
    40,
    '2022-01-28 07:29:35',
    '2022-01-28 08:14:39',
    1,
    1
  ),
  (
    41,
    '2022-01-28 08:14:42',
    '2022-01-28 08:23:01',
    1,
    1
  ),
  (
    42,
    '2022-01-28 08:23:07',
    '2022-01-28 12:32:40',
    1,
    1
  ),
  (
    43,
    '2022-01-28 12:32:43',
    '2022-01-29 07:02:38',
    1,
    1
  ),
  (
    44,
    '2022-01-29 07:02:41',
    '2022-01-29 12:27:48',
    1,
    1
  ),
  (
    45,
    '2022-01-29 12:27:50',
    '2022-01-31 04:38:09',
    1,
    1
  ),
  (
    46,
    '2022-01-31 04:38:32',
    '2022-01-31 04:58:14',
    1,
    1
  ),
  (
    47,
    '2022-01-31 04:58:18',
    '2022-01-31 04:58:34',
    1,
    1
  ),
  (
    48,
    '2022-01-31 04:58:38',
    '2022-01-31 06:47:33',
    1,
    1
  ),
  (
    49,
    '2022-01-31 06:47:35',
    '2022-01-31 12:16:56',
    1,
    1
  ),
  (50, '2022-01-31 12:16:58', NULL, 1, NULL);
-- --------------------------------------------------------
  --
  -- Table structure for table `session_patients`
  --
  CREATE TABLE `session_patients` (
    `id` int(11) NOT NULL,
    `patient_id` int(11) NOT NULL,
    `session_id` int(11) NOT NULL,
    `created_at` timestamp NULL DEFAULT NULL
  ) ENGINE = InnoDB DEFAULT CHARSET = utf8mb4;
--
  -- Dumping data for table `session_patients`
  --
INSERT INTO
  `session_patients` (`id`, `patient_id`, `session_id`, `created_at`)
VALUES
  (1, 18, 27, '2021-08-16 09:11:48'),
  (2, 19, 28, '2021-09-05 10:49:06'),
  (3, 20, 28, '2021-09-05 11:13:57'),
  (4, 21, 29, '2021-09-07 16:21:37'),
  (5, 22, 29, '2021-09-14 17:25:51'),
  (6, 23, 31, '2022-01-21 12:39:29'),
  (7, 24, 31, '2022-01-21 13:00:30'),
  (8, 25, 31, '2022-01-21 13:05:39'),
  (9, 26, 36, '2022-01-21 13:16:13'),
  (10, 27, 37, '2022-01-21 13:40:35'),
  (11, 28, 37, '2022-01-21 13:56:06'),
  (12, 29, 37, '2022-01-21 14:08:37'),
  (13, 30, 38, '2022-01-25 14:10:38'),
  (14, 31, 39, '2022-01-28 06:16:23'),
  (15, 32, 39, '2022-01-28 07:14:14'),
  (16, 33, 39, '2022-01-28 07:16:00'),
  (17, 34, 40, '2022-01-28 07:30:35'),
  (18, 35, 41, '2022-01-28 08:16:07'),
  (19, 36, 42, '2022-01-28 08:24:05'),
  (20, 37, 43, '2022-01-28 12:35:02'),
  (21, 38, 44, '2022-01-29 08:35:36'),
  (22, 39, 44, '2022-01-29 08:37:16'),
  (23, 40, 44, '2022-01-29 08:41:15'),
  (24, 41, 44, '2022-01-29 08:44:32'),
  (25, 42, 45, '2022-01-29 12:28:26'),
  (26, 43, 45, '2022-01-29 12:41:46'),
  (27, 44, 45, '2022-01-29 12:52:44'),
  (28, 45, 45, '2022-01-29 12:54:58'),
  (29, 46, 45, '2022-01-29 12:56:48'),
  (30, 47, 45, '2022-01-29 13:06:24'),
  (31, 48, 45, '2022-01-29 13:08:17'),
  (32, 49, 45, '2022-01-29 13:22:15'),
  (33, 50, 45, '2022-01-29 13:35:54'),
  (34, 51, 45, '2022-01-29 13:37:31'),
  (35, 52, 45, '2022-01-29 13:50:58'),
  (36, 53, 45, '2022-01-29 13:53:28'),
  (37, 54, 45, '2022-01-29 13:54:56'),
  (38, 55, 45, '2022-01-29 14:00:18'),
  (39, 56, 45, '2022-01-29 14:14:22'),
  (40, 57, 45, '2022-01-29 14:53:27'),
  (41, 58, 45, '2022-01-29 14:55:00'),
  (42, 59, 45, '2022-01-29 14:56:38'),
  (43, 60, 45, '2022-01-29 14:59:12'),
  (44, 61, 45, '2022-01-29 15:00:52'),
  (45, 62, 45, '2022-01-29 15:02:46'),
  (46, 63, 45, '2022-01-29 15:18:48'),
  (47, 64, 46, '2022-01-31 04:40:13'),
  (48, 65, 48, '2022-01-31 04:59:30'),
  (49, 66, 49, '2022-01-31 06:48:47'),
  (50, 67, 49, '2022-01-31 06:56:30'),
  (51, 68, 49, '2022-01-31 07:01:27'),
  (52, 69, 49, '2022-01-31 07:20:19'),
  (53, 70, 49, '2022-01-31 07:34:59'),
  (54, 71, 49, '2022-01-31 07:37:34'),
  (55, 72, 49, '2022-01-31 07:39:47'),
  (56, 73, 49, '2022-01-31 08:02:06'),
  (57, 74, 49, '2022-01-31 08:04:04'),
  (58, 75, 49, '2022-01-31 08:06:15'),
  (59, 76, 49, '2022-01-31 08:09:04'),
  (60, 77, 49, '2022-01-31 08:11:41'),
  (61, 78, 49, '2022-01-31 08:18:10'),
  (62, 79, 49, '2022-01-31 08:19:54'),
  (63, 80, 49, '2022-01-31 08:33:31'),
  (64, 81, 49, '2022-01-31 08:37:02'),
  (65, 82, 49, '2022-01-31 09:02:28'),
  (66, 83, 49, '2022-01-31 09:04:21'),
  (67, 84, 49, '2022-01-31 09:11:44'),
  (68, 85, 49, '2022-01-31 09:13:48'),
  (69, 86, 49, '2022-01-31 09:14:53'),
  (70, 87, 49, '2022-01-31 09:23:24'),
  (71, 88, 49, '2022-01-31 09:24:41'),
  (72, 89, 50, '2022-01-31 12:18:56'),
  (73, 90, 50, '2022-01-31 13:23:52'),
  (74, 91, 50, '2022-01-31 13:24:45'),
  (75, 92, 50, '2022-01-31 13:31:58'),
  (76, 93, 50, '2022-01-31 13:34:34'),
  (77, 94, 50, '2022-01-31 13:46:00');
-- --------------------------------------------------------
  --
  -- Table structure for table `userdata`
  --
  CREATE TABLE `userdata` (
    `userdata_id` int(10) UNSIGNED NOT NULL,
    `user_id` int(10) UNSIGNED NOT NULL,
    `fees` int(11) NOT NULL DEFAULT 0,
    `first_name` varchar(40) DEFAULT NULL,
    `last_name` varchar(40) DEFAULT NULL,
    `fname` varchar(40) DEFAULT NULL,
    `gender` tinyint(1) DEFAULT NULL,
    `email` varchar(254) NOT NULL,
    `phone` varchar(15) NOT NULL,
    `address` varchar(255) DEFAULT NULL,
    `position` varchar(40) NOT NULL,
    `social_id` varchar(12) NOT NULL,
    `id_type` enum(
      '',
      'CNIC',
      'Passport',
      'Driver License',
      'Bank ID Card'
    ) DEFAULT 'CNIC',
    `birth_date` int(11) DEFAULT NULL,
    `create_date` int(11) NOT NULL,
    `picture` text DEFAULT NULL,
    `memo` text DEFAULT NULL
  ) ENGINE = InnoDB DEFAULT CHARSET = utf8;
--
  -- Dumping data for table `userdata`
  --
INSERT INTO
  `userdata` (
    `userdata_id`,
    `user_id`,
    `fees`,
    `first_name`,
    `last_name`,
    `fname`,
    `gender`,
    `email`,
    `phone`,
    `address`,
    `position`,
    `social_id`,
    `id_type`,
    `birth_date`,
    `create_date`,
    `picture`,
    `memo`
  )
VALUES
  (
    1,
    1,
    0,
    'Dr Mushtaq Clinic',
    'Admin',
    'Admin',
    1,
    'admin@dmc.com',
    '03323967646',
    'Karachi',
    'admin',
    'admin',
    'CNIC',
    -68400,
    1624538769,
    NULL,
    'Admin of clinic'
  ),
  (
    2,
    2,
    0,
    'Dr. Mushtaq',
    'Memon',
    '.',
    1,
    'drmushtaq@gmail.com',
    '03323967646',
    'gulshan karachi',
    'doctor',
    '451025345258',
    'CNIC',
    667890000,
    1624539892,
    NULL,
    'General Surgeon'
  ),
  (
    3,
    3,
    0,
    'Ali',
    'Khan',
    'Saleem',
    1,
    'alikhan@gmail.com',
    '03323967646',
    'gulshan karachi',
    'guest',
    '451023234345',
    'CNIC',
    667890000,
    1624540391,
    NULL,
    'Clinic Guest User'
  ),
  (
    4,
    4,
    0,
    'Wali',
    'Khan',
    'Saleem',
    1,
    'walikhan@gmail.com',
    '03323967646',
    'gulshan karachi',
    'xray',
    '422015343456',
    'CNIC',
    667890000,
    1624540487,
    NULL,
    'X-Ray Agent'
  ),
  (
    5,
    5,
    0,
    'bali',
    'khan',
    'saleem',
    1,
    'balikhan@gmail.com',
    '03323967646',
    'gulshan karachi',
    'lab',
    '422016345258',
    'CNIC',
    667890000,
    1624540862,
    NULL,
    'lab agent'
  ),
  (
    6,
    6,
    0,
    'shani',
    'khan',
    'saleem',
    1,
    'shanikhan@gmail.com',
    '03323967646',
    'gulshan karachi',
    'pharmacy',
    '422014545454',
    'CNIC',
    667890000,
    1624540994,
    NULL,
    'Medical Store User'
  ),
  (
    7,
    7,
    0,
    'Haji',
    'Khan',
    'Saleem',
    1,
    'hajikhan@gmail.com',
    '03323967646',
    'gulshan karachi',
    'receptionist',
    '422026345356',
    'CNIC',
    0,
    1624541157,
    NULL,
    'Reception user'
  ),
  (
    8,
    8,
    0,
    'Saleem',
    'Khan',
    'Rauf Khan',
    1,
    'saleemkhan@gmail.com',
    '03323967646',
    'gulshan karachi',
    'patient',
    '422014534343',
    'CNIC',
    667890000,
    1624541257,
    NULL,
    'patient user'
  ),
  (
    9,
    9,
    0,
    'Magha',
    'Ram',
    '-',
    1,
    'magha@tekglide.com',
    '1232',
    'aveneusa 1235',
    'admin',
    'asd',
    'CNIC',
    0,
    1630853188,
    NULL,
    ''
  ),
  (
    10,
    10,
    0,
    '@',
    ',,,,,,,,',
    '',
    1,
    'magha@mailinator.com',
    '0000000',
    '',
    'doctor',
    '0',
    'CNIC',
    0,
    1630964678,
    NULL,
    ''
  ),
  (
    11,
    11,
    0,
    'Test',
    'Qa',
    '',
    1,
    'magha@mailinator.com',
    '121221212121212',
    '',
    'receptionist',
    '.',
    'CNIC',
    0,
    1631045918,
    NULL,
    ''
  );
-- --------------------------------------------------------
  --
  -- Table structure for table `users`
  --
  CREATE TABLE `users` (
    `user_id` int(11) UNSIGNED NOT NULL,
    `username` varchar(32) NOT NULL,
    `password` varchar(60) NOT NULL,
    `password_last_set` datetime NOT NULL,
    `password_never_expires` tinyint(1) NOT NULL DEFAULT 0,
    `remember_me` varchar(40) NOT NULL,
    `activation_code` varchar(40) NOT NULL,
    `active` tinyint(1) NOT NULL DEFAULT 0,
    `forgot_code` varchar(40) NOT NULL,
    `forgot_generated` datetime NOT NULL,
    `enabled` tinyint(1) NOT NULL DEFAULT 1,
    `last_login` datetime NOT NULL,
    `last_login_ip` int(10) NOT NULL
  ) ENGINE = InnoDB DEFAULT CHARSET = utf8;
--
  -- Dumping data for table `users`
  --
INSERT INTO
  `users` (
    `user_id`,
    `username`,
    `password`,
    `password_last_set`,
    `password_never_expires`,
    `remember_me`,
    `activation_code`,
    `active`,
    `forgot_code`,
    `forgot_generated`,
    `enabled`,
    `last_login`,
    `last_login_ip`
  )
VALUES
  (
    1,
    'admin',
    '$2a$08$M.tpELvUFYceY5HRpPzaROdV8JhvpaBb8eSCR9O0o1T2pnzF0Al8m',
    '2022-01-21 12:20:53',
    0,
    '170e0a90cbac30a1f56671dbfb84eef9fe9c8bad',
    '',
    1,
    '',
    '0000-00-00 00:00:00',
    1,
    '2022-01-31 16:06:19',
    2147483647
  ),
  (
    2,
    'drmushtaq',
    '$2a$08$M.tpELvUFYceY5HRpPzaROdV8JhvpaBb8eSCR9O0o1T2pnzF0Al8m',
    '2021-06-24 09:04:52',
    0,
    '',
    '',
    1,
    '',
    '0000-00-00 00:00:00',
    1,
    '2022-01-21 14:19:14',
    1743035987
  ),
  (
    3,
    'alikhan',
    '$2a$08$M.tpELvUFYceY5HRpPzaROdV8JhvpaBb8eSCR9O0o1T2pnzF0Al8m',
    '2021-06-24 09:13:11',
    0,
    '',
    '',
    1,
    '',
    '0000-00-00 00:00:00',
    1,
    '0000-00-00 00:00:00',
    0
  ),
  (
    4,
    'walikhan',
    '$2a$08$M.tpELvUFYceY5HRpPzaROdV8JhvpaBb8eSCR9O0o1T2pnzF0Al8m',
    '2021-06-24 09:14:47',
    0,
    '',
    '',
    1,
    '',
    '0000-00-00 00:00:00',
    1,
    '2021-07-12 20:16:11',
    2147483647
  ),
  (
    5,
    'balikhan',
    '$2a$08$M.tpELvUFYceY5HRpPzaROdV8JhvpaBb8eSCR9O0o1T2pnzF0Al8m',
    '2021-06-24 09:21:02',
    0,
    '',
    '',
    1,
    '',
    '0000-00-00 00:00:00',
    1,
    '2021-07-30 11:35:51',
    1950811508
  ),
  (
    6,
    'shanikhan',
    '$2a$08$M.tpELvUFYceY5HRpPzaROdV8JhvpaBb8eSCR9O0o1T2pnzF0Al8m',
    '2021-06-24 09:23:14',
    0,
    '',
    '',
    1,
    '',
    '0000-00-00 00:00:00',
    1,
    '2021-07-12 20:16:35',
    2147483647
  ),
  (
    7,
    'hajikhan',
    '$2a$08$M.tpELvUFYceY5HRpPzaROdV8JhvpaBb8eSCR9O0o1T2pnzF0Al8m',
    '2021-06-24 09:25:57',
    0,
    '',
    '',
    1,
    '',
    '0000-00-00 00:00:00',
    1,
    '2022-01-21 13:11:12',
    1743035987
  ),
  (
    8,
    'saleemkhan',
    '$2a$08$M.tpELvUFYceY5HRpPzaROdV8JhvpaBb8eSCR9O0o1T2pnzF0Al8m',
    '2021-06-24 09:27:37',
    0,
    '',
    '',
    1,
    '',
    '0000-00-00 00:00:00',
    1,
    '2021-09-14 17:22:59',
    2147483647
  ),
  (
    9,
    'magha',
    '$2a$08$M.tpELvUFYceY5HRpPzaROdV8JhvpaBb8eSCR9O0o1T2pnzF0Al8m',
    '2021-09-05 10:46:28',
    0,
    '',
    '',
    1,
    '',
    '0000-00-00 00:00:00',
    1,
    '0000-00-00 00:00:00',
    0
  );
-- --------------------------------------------------------
  --
  -- Table structure for table `user_group`
  --
  CREATE TABLE `user_group` (
    `assoc_id` int(10) UNSIGNED NOT NULL,
    `user_id` int(10) UNSIGNED NOT NULL,
    `group_id` int(10) UNSIGNED NOT NULL
  ) ENGINE = InnoDB DEFAULT CHARSET = utf8;
--
  -- Dumping data for table `user_group`
  --
INSERT INTO
  `user_group` (`assoc_id`, `user_id`, `group_id`)
VALUES
  (14, 1, 1),
  (2, 2, 3),
  (3, 3, 2),
  (4, 4, 4),
  (5, 5, 5),
  (6, 6, 6),
  (7, 7, 7),
  (8, 8, 8),
  (9, 9, 1),
  (10, 10, 3),
  (11, 11, 7);
-- --------------------------------------------------------
  --
  -- Table structure for table `xrays`
  --
  CREATE TABLE `xrays` (
    `xray_id` int(11) NOT NULL,
    `xray_name_en` varchar(50) DEFAULT NULL,
    `xray_name_fa` varchar(50) DEFAULT NULL,
    `category` varchar(50) DEFAULT NULL,
    `price` decimal(10, 0) NOT NULL,
    `memo` text DEFAULT NULL
  ) ENGINE = InnoDB DEFAULT CHARSET = utf8;
--
  -- Dumping data for table `xrays`
  --
INSERT INTO
  `xrays` (
    `xray_id`,
    `xray_name_en`,
    `xray_name_fa`,
    `category`,
    `price`,
    `memo`
  )
VALUES
  (
    1,
    'Abdominal x-ray',
    'پیٹ کا ایکسرے',
    'Abdomin',
    400,
    'Abdominal X-rays KUB'
  ),
  (
    2,
    'x-ray chest',
    'x-ray chest',
    '',
    700,
    'this is test'
  ),
  (
    3,
    'teeth',
    'teeth',
    'internal part',
    800,
    'test'
  ),
  (4, 'X-RAY KUB', '000', '', 0, ''),
  (5, 'X-RAY PNS', '000', '', 0, ''),
  (6, 'X-RAY -SKULL', '000', '', 0, ''),
  (7, 'X-RAY LEFT SHOULDER JOINT', '000', '', 0, ''),
  (
    8,
    'X-RAY RIGHT SHOULDER JOINT',
    '000',
    '',
    0,
    ''
  );
-- --------------------------------------------------------
  --
  -- Table structure for table `xray_files`
  --
  CREATE TABLE `xray_files` (
    `xray_file_id` int(11) NOT NULL,
    `xray_patient_id` int(11) NOT NULL,
    `upload_date` int(11) NOT NULL,
    `path` text NOT NULL,
    `memo` text DEFAULT NULL
  ) ENGINE = InnoDB DEFAULT CHARSET = utf8;
-- --------------------------------------------------------
  --
  -- Table structure for table `xray_patient`
  --
  CREATE TABLE `xray_patient` (
    `xray_patient_id` int(11) NOT NULL,
    `xray_id` int(11) NOT NULL,
    `patient_id` int(11) NOT NULL,
    `user_id_assign` int(11) NOT NULL,
    `assign_date` int(11) NOT NULL,
    `no_of_item` int(11) NOT NULL DEFAULT 1,
    `total_cost` decimal(10, 0) NOT NULL,
    `user_id_discharge` int(11) DEFAULT NULL,
    `discharge_date` int(11) DEFAULT NULL,
    `memo` text DEFAULT NULL
  ) ENGINE = InnoDB DEFAULT CHARSET = utf8;
--
  -- Dumping data for table `xray_patient`
  --
INSERT INTO
  `xray_patient` (
    `xray_patient_id`,
    `xray_id`,
    `patient_id`,
    `user_id_assign`,
    `assign_date`,
    `no_of_item`,
    `total_cost`,
    `user_id_discharge`,
    `discharge_date`,
    `memo`
  )
VALUES
  (14, 2, 34, 1, 1643374539, 1, 700, NULL, NULL, ''),
  (15, 2, 35, 1, 1643375871, 1, 700, NULL, NULL, ''),
  (16, 1, 36, 1, 1643376360, 1, 400, NULL, NULL, ''),
  (17, 1, 65, 1, 1643623355, 1, 400, NULL, NULL, '');
-- --------------------------------------------------------
  --
  -- Structure for view `patient_lists`
  --
  DROP TABLE IF EXISTS `patient_lists`;
CREATE ALGORITHM = UNDEFINED DEFINER = `root` @`localhost` SQL SECURITY DEFINER VIEW `patient_lists` AS
SELECT
  `patients`.`patient_id` AS `patient_id`,
  concat(
    `patients`.`first_name`,
    ' ',
    `patients`.`last_name`
  ) AS `name`
FROM
  `patients`;
--
  -- Indexes for dumped tables
  --
  --
  -- Indexes for table `comments`
  --
ALTER TABLE
  `comments`
ADD
  PRIMARY KEY (`comment_id`),
ADD
  KEY `patient_doctor_id` (`patient_doctor_id`);
--
  -- Indexes for table `drugs`
  --
ALTER TABLE
  `drugs`
ADD
  PRIMARY KEY (`drug_id`);
--
  -- Indexes for table `drug_patient`
  --
ALTER TABLE
  `drug_patient`
ADD
  PRIMARY KEY (`drug_patient_id`),
ADD
  KEY `drug_id` (`drug_id`),
ADD
  KEY `patient_id` (`patient_id`),
ADD
  KEY `user_id_assign` (`user_id_assign`),
ADD
  KEY `user_id_discharge` (`user_id_discharge`);
--
  -- Indexes for table `groups`
  --
ALTER TABLE
  `groups`
ADD
  PRIMARY KEY (`group_id`);
--
  -- Indexes for table `lab`
  --
ALTER TABLE
  `lab`
ADD
  PRIMARY KEY (`test_id`);
--
  -- Indexes for table `lab_files`
  --
ALTER TABLE
  `lab_files`
ADD
  PRIMARY KEY (`lab_file_id`),
ADD
  KEY `lab_patient_id` (`lab_patient_id`);
--
  -- Indexes for table `lab_patient`
  --
ALTER TABLE
  `lab_patient`
ADD
  PRIMARY KEY (`lab_patient_id`),
ADD
  KEY `test_id` (`test_id`),
ADD
  KEY `patient_id` (`patient_id`),
ADD
  KEY `user_id_assign` (`user_id_assign`),
ADD
  KEY `user_id_discharge` (`user_id_discharge`);
--
  -- Indexes for table `logins`
  --
ALTER TABLE
  `logins`
ADD
  PRIMARY KEY (`login_id`),
ADD
  KEY `user_id` (`user_id`);
--
  -- Indexes for table `patients`
  --
ALTER TABLE
  `patients`
ADD
  PRIMARY KEY (`patient_id`);
--
  -- Indexes for table `patient_doctor`
  --
ALTER TABLE
  `patient_doctor`
ADD
  PRIMARY KEY (`patient_doctor_id`),
ADD
  KEY `patient_id` (`patient_id`),
ADD
  KEY `user_id` (`user_id`);
--
  -- Indexes for table `purchased_drugs`
  --
ALTER TABLE
  `purchased_drugs`
ADD
  PRIMARY KEY (`purchased_drug_id`),
ADD
  KEY `drug_id` (`drug_id`),
ADD
  KEY `user_id` (`user_id`);
--
  -- Indexes for table `reports`
  --
ALTER TABLE
  `reports`
ADD
  PRIMARY KEY (`report_id`),
ADD
  KEY `user_id` (`user_id`);
--
  -- Indexes for table `returned_drugs`
  --
ALTER TABLE
  `returned_drugs`
ADD
  PRIMARY KEY (`returned_drug_id`),
ADD
  KEY `drug_id` (`drug_id`),
ADD
  KEY `user_id` (`user_id`);
--
  -- Indexes for table `sessions`
  --
ALTER TABLE
  `sessions`
ADD
  PRIMARY KEY (`id`);
--
  -- Indexes for table `session_patients`
  --
ALTER TABLE
  `session_patients`
ADD
  PRIMARY KEY (`id`);
--
  -- Indexes for table `userdata`
  --
ALTER TABLE
  `userdata`
ADD
  PRIMARY KEY (`userdata_id`),
ADD
  KEY `user_id` (`user_id`);
--
  -- Indexes for table `users`
  --
ALTER TABLE
  `users`
ADD
  PRIMARY KEY (`user_id`);
--
  -- Indexes for table `user_group`
  --
ALTER TABLE
  `user_group`
ADD
  PRIMARY KEY (`assoc_id`),
ADD
  KEY `user_id` (`user_id`, `group_id`);
--
  -- Indexes for table `xrays`
  --
ALTER TABLE
  `xrays`
ADD
  PRIMARY KEY (`xray_id`);
--
  -- Indexes for table `xray_files`
  --
ALTER TABLE
  `xray_files`
ADD
  PRIMARY KEY (`xray_file_id`),
ADD
  KEY `xray_patient_id` (`xray_patient_id`);
--
  -- Indexes for table `xray_patient`
  --
ALTER TABLE
  `xray_patient`
ADD
  PRIMARY KEY (`xray_patient_id`),
ADD
  KEY `xray_id` (`xray_id`),
ADD
  KEY `patient_id` (`patient_id`),
ADD
  KEY `user_id_assign` (`user_id_assign`),
ADD
  KEY `user_id_discharge` (`user_id_discharge`);
--
  -- AUTO_INCREMENT for dumped tables
  --
  --
  -- AUTO_INCREMENT for table `comments`
  --
ALTER TABLE
  `comments`
MODIFY
  `comment_id` int(11) NOT NULL AUTO_INCREMENT,
  AUTO_INCREMENT = 9;
--
  -- AUTO_INCREMENT for table `drugs`
  --
ALTER TABLE
  `drugs`
MODIFY
  `drug_id` int(11) NOT NULL AUTO_INCREMENT,
  AUTO_INCREMENT = 19;
--
  -- AUTO_INCREMENT for table `drug_patient`
  --
ALTER TABLE
  `drug_patient`
MODIFY
  `drug_patient_id` int(11) NOT NULL AUTO_INCREMENT,
  AUTO_INCREMENT = 74;
--
  -- AUTO_INCREMENT for table `groups`
  --
ALTER TABLE
  `groups`
MODIFY
  `group_id` int(10) UNSIGNED NOT NULL AUTO_INCREMENT,
  AUTO_INCREMENT = 9;
--
  -- AUTO_INCREMENT for table `lab`
  --
ALTER TABLE
  `lab`
MODIFY
  `test_id` int(11) NOT NULL AUTO_INCREMENT,
  AUTO_INCREMENT = 4;
--
  -- AUTO_INCREMENT for table `lab_files`
  --
ALTER TABLE
  `lab_files`
MODIFY
  `lab_file_id` int(11) NOT NULL AUTO_INCREMENT;
--
  -- AUTO_INCREMENT for table `lab_patient`
  --
ALTER TABLE
  `lab_patient`
MODIFY
  `lab_patient_id` int(11) NOT NULL AUTO_INCREMENT,
  AUTO_INCREMENT = 14;
--
  -- AUTO_INCREMENT for table `logins`
  --
ALTER TABLE
  `logins`
MODIFY
  `login_id` int(10) UNSIGNED NOT NULL AUTO_INCREMENT,
  AUTO_INCREMENT = 262;
--
  -- AUTO_INCREMENT for table `patients`
  --
ALTER TABLE
  `patients`
MODIFY
  `patient_id` int(11) NOT NULL AUTO_INCREMENT,
  AUTO_INCREMENT = 95;
--
  -- AUTO_INCREMENT for table `patient_doctor`
  --
ALTER TABLE
  `patient_doctor`
MODIFY
  `patient_doctor_id` int(11) NOT NULL AUTO_INCREMENT,
  AUTO_INCREMENT = 95;
--
  -- AUTO_INCREMENT for table `purchased_drugs`
  --
ALTER TABLE
  `purchased_drugs`
MODIFY
  `purchased_drug_id` int(11) NOT NULL AUTO_INCREMENT,
  AUTO_INCREMENT = 5;
--
  -- AUTO_INCREMENT for table `reports`
  --
ALTER TABLE
  `reports`
MODIFY
  `report_id` int(11) NOT NULL AUTO_INCREMENT,
  AUTO_INCREMENT = 2;
--
  -- AUTO_INCREMENT for table `returned_drugs`
  --
ALTER TABLE
  `returned_drugs`
MODIFY
  `returned_drug_id` int(11) NOT NULL AUTO_INCREMENT,
  AUTO_INCREMENT = 3;
--
  -- AUTO_INCREMENT for table `sessions`
  --
ALTER TABLE
  `sessions`
MODIFY
  `id` int(11) NOT NULL AUTO_INCREMENT,
  AUTO_INCREMENT = 51;
--
  -- AUTO_INCREMENT for table `session_patients`
  --
ALTER TABLE
  `session_patients`
MODIFY
  `id` int(11) NOT NULL AUTO_INCREMENT,
  AUTO_INCREMENT = 78;
--
  -- AUTO_INCREMENT for table `userdata`
  --
ALTER TABLE
  `userdata`
MODIFY
  `userdata_id` int(10) UNSIGNED NOT NULL AUTO_INCREMENT,
  AUTO_INCREMENT = 12;
--
  -- AUTO_INCREMENT for table `users`
  --
ALTER TABLE
  `users`
MODIFY
  `user_id` int(11) UNSIGNED NOT NULL AUTO_INCREMENT,
  AUTO_INCREMENT = 12;
--
  -- AUTO_INCREMENT for table `user_group`
  --
ALTER TABLE
  `user_group`
MODIFY
  `assoc_id` int(10) UNSIGNED NOT NULL AUTO_INCREMENT,
  AUTO_INCREMENT = 15;
--
  -- AUTO_INCREMENT for table `xrays`
  --
ALTER TABLE
  `xrays`
MODIFY
  `xray_id` int(11) NOT NULL AUTO_INCREMENT,
  AUTO_INCREMENT = 9;
--
  -- AUTO_INCREMENT for table `xray_files`
  --
ALTER TABLE
  `xray_files`
MODIFY
  `xray_file_id` int(11) NOT NULL AUTO_INCREMENT;
--
  -- AUTO_INCREMENT for table `xray_patient`
  --
ALTER TABLE
  `xray_patient`
MODIFY
  `xray_patient_id` int(11) NOT NULL AUTO_INCREMENT,
  AUTO_INCREMENT = 18;
COMMIT;
  /*!40101 SET CHARACTER_SET_CLIENT=@OLD_CHARACTER_SET_CLIENT */;
  /*!40101 SET CHARACTER_SET_RESULTS=@OLD_CHARACTER_SET_RESULTS */;
  /*!40101 SET COLLATION_CONNECTION=@OLD_COLLATION_CONNECTION */;